{"count":1,"gauges":{},"self":16.947632,"total":19.091545399999998,"children":{"AgentResetIfDone":{"count":893,"self":0.015889399999999998,"total":0.015889399999999998,"children":null},"AgentSendState":{"count":893,"self":0.0328313,"total":0.0515106,"children":{"CollectObservations":{"count":1792,"self":0.0186793,"total":0.0186793,"children":null}}},"DecideAction":{"count":893,"self":1.8305768,"total":2.0049315,"children":{"RayPerceptionSensor.Perceive":{"count":1792,"self":0.1743548,"total":0.1743548,"children":null}}},"AcademyStep":{"count":893,"self":0.0029879,"total":0.0029879,"children":null},"AgentAct":{"count":893,"self":0.0675972,"total":0.0675972,"children":null}}}